[
	{
		"__TYPE__": "SharedSliceContent",
		"variation": "default",
		"primary": {
			"headline": {
				"__TYPE__": "FieldContent",
				"value": "development",
				"type": "Text"
			},
			"projekte": {
				"__TYPE__": "GroupContentType",
				"value": [
					{
						"__TYPE__": "GroupItemContent",
						"value": [
							[
								"name",
								{
									"__TYPE__": "FieldContent",
									"value": "state",
									"type": "Text"
								}
							],
							[
								"image",
								{
									"origin": {
										"id": "main",
										"url": "https://images.unsplash.com/photo-1607582278043-57198ac8da43",
										"width": 4024,
										"height": 4024
									},
									"url": "https://images.unsplash.com/photo-1607582278043-57198ac8da43",
									"width": 4024,
									"height": 4024,
									"edit": {
										"zoom": 1,
										"crop": {
											"x": 0,
											"y": 0
										},
										"background": "transparent"
									},
									"credits": null,
									"alt": null,
									"__TYPE__": "ImageContent",
									"thumbnails": {}
								}
							],
							[
								"beschreibung",
								{
									"__TYPE__": "FieldContent",
									"value": "however",
									"type": "Text"
								}
							],
							[
								"link",
								{
									"__TYPE__": "LinkContent",
									"value": {
										"__TYPE__": "ExternalLink",
										"url": "http://google.com",
										"text": "courage"
									}
								}
							]
						]
					}
				]
			},
			"cta": {
				"__TYPE__": "LinkContent",
				"value": {
					"__TYPE__": "ExternalLink",
					"url": "http://twitter.com",
					"text": "do"
				}
			}
		},
		"items": []
	}
]