{
  "id": "referenzen",
  "type": "SharedSlice",
  "name": "Referenzen",
  "description": "Referenzen",
  "variations": [
    {
      "id": "default",
      "name": "Default",
      "docURL": "...",
      "version": "initial",
      "description": "Default",
      "imageUrl": "",
      "primary": {
        "headline": {
          "type": "Text",
          "config": {
            "label": "headline",
            "placeholder": ""
          }
        },
        "projekte": {
          "type": "Group",
          "config": {
            "label": "Projekte",
            "repeat": true,
            "fields": {
              "name": {
                "type": "Text",
                "config": {
                  "label": "name",
                  "placeholder": ""
                }
              },
              "beschreibung": {
                "type": "Text",
                "config": {
                  "label": "beschreibung",
                  "placeholder": ""
                }
              },
              "image": {
                "type": "Image",
                "config": {
                  "label": "image",
                  "constraint": {},
                  "thumbnails": []
                }
              },
              "link": {
                "type": "Link",
                "config": {
                  "label": "link",
                  "placeholder": "",
                  "allowTargetBlank": true,
                  "select": null,
                  "allowText": true
                }
              }
            }
          }
        },
        "cta": {
          "type": "Link",
          "config": {
            "label": "cta",
            "placeholder": "",
            "allowTargetBlank": true,
            "select": null,
            "allowText": true
          }
        }
      },
      "items": {}
    }
  ]
}