[
	{
		"__TYPE__": "SharedSliceContent",
		"variation": "default",
		"primary": {
			"headline": {
				"__TYPE__": "FieldContent",
				"value": "able",
				"type": "Text"
			},
			"toolset": {
				"__TYPE__": "GroupContentType",
				"value": [
					{
						"__TYPE__": "GroupItemContent",
						"value": [
							[
								"tool",
								{
									"__TYPE__": "FieldContent",
									"value": "tumult hype",
									"type": "Select"
								}
							]
						]
					}
				]
			}
		},
		"items": []
	}
]