{
  "id": "slider",
  "type": "SharedSlice",
  "name": "Slider",
  "description": "Slider",
  "variations": [
    {
      "id": "default",
      "name": "Default",
      "docURL": "...",
      "version": "initial",
      "description": "Default",
      "imageUrl": "",
      "primary": {
        "images": {
          "type": "Group",
          "config": {
            "label": "Images",
            "repeat": true,
            "fields": {
              "image": {
                "type": "Image",
                "config": {
                  "label": "Image",
                  "constraint": {},
                  "thumbnails": []
                }
              }
            }
          }
        }
      },
      "items": {}
    }
  ]
}