[
	{
		"__TYPE__": "SharedSliceContent",
		"variation": "default",
		"primary": {
			"skill": {
				"__TYPE__": "GroupContentType",
				"value": [
					{
						"__TYPE__": "GroupItemContent",
						"value": [
							[
								"label",
								{
									"__TYPE__": "FieldContent",
									"value": "missing",
									"type": "Text"
								}
							],
							[
								"name",
								{
									"__TYPE__": "FieldContent",
									"value": "visitor",
									"type": "Text"
								}
							],
							[
								"colors",
								{
									"__TYPE__": "FieldContent",
									"value": "yellow",
									"type": "Select"
								}
							]
						]
					}
				]
			}
		},
		"items": []
	}
]