[
	{
		"__TYPE__": "SharedSliceContent",
		"variation": "default",
		"primary": {
			"headline": {
				"__TYPE__": "FieldContent",
				"value": "letter",
				"type": "Text"
			},
			"links": {
				"__TYPE__": "GroupContentType",
				"value": [
					{
						"__TYPE__": "GroupItemContent",
						"value": [
							[
								"link",
								{
									"__TYPE__": "LinkContent",
									"value": {
										"__TYPE__": "ExternalLink",
										"url": "http://twitter.com",
										"text": "environment"
									}
								}
							],
							[
								"typ",
								{
									"__TYPE__": "FieldContent",
									"value": "email",
									"type": "Select"
								}
							]
						]
					}
				]
			}
		},
		"items": []
	}
]