{
  "id": "call_to_action",
  "type": "SharedSlice",
  "name": "CallToAction",
  "description": "CallToAction",
  "variations": [
    {
      "id": "default",
      "name": "Default",
      "docURL": "...",
      "version": "initial",
      "description": "Default",
      "imageUrl": "",
      "primary": {
        "headline": {
          "type": "Text",
          "config": {
            "label": "Headline",
            "placeholder": ""
          }
        },
        "links": {
          "type": "Group",
          "config": {
            "label": "Links",
            "repeat": true,
            "fields": {
              "typ": {
                "type": "Select",
                "config": {
                  "label": "typ",
                  "placeholder": "",
                  "options": [
                    "email",
                    "phone"
                  ]
                }
              },
              "link": {
                "type": "Link",
                "config": {
                  "label": "Link",
                  "placeholder": "",
                  "allowTargetBlank": true,
                  "select": null,
                  "allowText": true
                }
              }
            }
          }
        }
      },
      "items": {}
    }
  ]
}