[
	{
		"__TYPE__": "SharedSliceContent",
		"variation": "default",
		"primary": {
			"m4v": {
				"__TYPE__": "FieldContent",
				"value": "till",
				"type": "Text"
			},
			"webm": {
				"__TYPE__": "FieldContent",
				"value": "stream",
				"type": "Text"
			},
			"poster": {
				"__TYPE__": "ImageContent",
				"origin": {
					"id": "main",
					"url": "https://images.unsplash.com/photo-1560762484-813fc97650a0",
					"width": 3344,
					"height": 2509
				},
				"url": "https://images.unsplash.com/photo-1560762484-813fc97650a0",
				"width": 3344,
				"height": 2509,
				"edit": {
					"zoom": 1,
					"crop": {
						"x": 0,
						"y": 0
					},
					"background": "transparent"
				},
				"thumbnails": {}
			}
		},
		"items": []
	}
]