[
	{
		"__TYPE__": "SharedSliceContent",
		"variation": "default",
		"primary": {
			"button": {
				"__TYPE__": "GroupContentType",
				"value": [
					{
						"__TYPE__": "GroupItemContent",
						"value": [
							[
								"link_name",
								{
									"__TYPE__": "FieldContent",
									"type": "Text",
									"value": "aleksej.3dweb@gmail.com"
								}
							],
							[
								"label",
								{
									"__TYPE__": "FieldContent",
									"type": "Text",
									"value": "E-Mail"
								}
							]
						]
					},
					{
						"__TYPE__": "GroupItemContent",
						"value": [
							[
								"label",
								{
									"__TYPE__": "FieldContent",
									"type": "Text",
									"value": "Ort"
								}
							],
							[
								"link_name",
								{
									"__TYPE__": "FieldContent",
									"type": "Text",
									"value": "Stuttgart"
								}
							]
						]
					}
				]
			},
			"image": {
				"origin": {
					"id": "main",
					"url": "https://images.unsplash.com/photo-1486312338219-ce68d2c6f44d",
					"width": 4076,
					"height": 2712
				},
				"url": "https://images.unsplash.com/photo-1486312338219-ce68d2c6f44d",
				"width": 4076,
				"height": 2712,
				"edit": {
					"zoom": 1,
					"crop": {
						"x": 0,
						"y": 0
					},
					"background": "transparent"
				},
				"credits": null,
				"alt": null,
				"__TYPE__": "ImageContent",
				"thumbnails": {}
			}
		},
		"items": []
	}
]