{
  "id": "hero",
  "type": "SharedSlice",
  "name": "Hero",
  "description": "Hero",
  "variations": [
    {
      "id": "default",
      "name": "Default",
      "docURL": "...",
      "version": "initial",
      "description": "Default",
      "imageUrl": "",
      "primary": {
        "button": {
          "type": "Group",
          "config": {
            "label": "button",
            "repeat": true,
            "fields": {
              "label": {
                "type": "Text",
                "config": {
                  "label": "label",
                  "placeholder": ""
                }
              },
              "link_name": {
                "type": "Text",
                "config": {
                  "label": "link_name",
                  "placeholder": ""
                }
              }
            }
          }
        },
        "image": {
          "type": "Image",
          "config": {
            "label": "image",
            "constraint": {},
            "thumbnails": []
          }
        }
      },
      "items": {}
    }
  ]
}