{
  "format": "page",
  "id": "home",
  "label": "Home",
  "repeatable": false,
  "status": true,
  "json": {
    "Main": {
      "title": {
        "type": "Text",
        "config": {
          "label": "Title",
          "placeholder": ""
        }
      },
      "slices": {
        "type": "Slices",
        "fieldset": "Slice Zone",
        "config": {
          "choices": {
            "call_to_action": {
              "type": "SharedSlice"
            },
            "lebenslauf": {
              "type": "SharedSlice"
            },
            "referenzen": {
              "type": "SharedSlice"
            },
            "skills": {
              "type": "SharedSlice"
            },
            "tools": {
              "type": "SharedSlice"
            },
            "text_box": {
              "type": "SharedSlice"
            },
            "hero": {
              "type": "SharedSlice"
            }
          }
        }
      }
    },
    "SEO & Metadata": {
      "meta_title": {
        "config": {
          "label": "Meta Title",
          "placeholder": "A title of the page used for social media and search engines"
        },
        "type": "Text"
      },
      "meta_description": {
        "config": {
          "label": "Meta Description",
          "placeholder": "A brief summary of the page"
        },
        "type": "Text"
      },
      "meta_image": {
        "config": {
          "constraint": {
            "height": 1260,
            "width": 2400
          },
          "label": "Meta Image",
          "thumbnails": []
        },
        "type": "Image"
      }
    }
  }
}
