{
  "format": "custom",
  "id": "settings",
  "label": "Settings",
  "repeatable": false,
  "status": true,
  "json": {
    "Main": {
      "site_title": {
        "type": "Text",
        "config": {
          "label": "Site Title",
          "placeholder": ""
        }
      },
      "meta_description": {
        "type": "Text",
        "config": {
          "label": "Meta Description",
          "placeholder": ""
        }
      },
      "og_image": {
        "type": "Image",
        "config": {
          "label": "OG Image",
          "constraint": {},
          "thumbnails": []
        }
      },
      "navigation": {
        "type": "Group",
        "config": {
          "label": "Navigation",
          "repeat": true,
          "fields": {
            "link": {
              "type": "Link",
              "config": {
                "label": "Link",
                "placeholder": "",
                "allowTargetBlank": true,
                "select": null,
                "allowText": true
              }
            },
            "link_name": {
              "type": "Text",
              "config": {
                "label": "Link Name",
                "placeholder": ""
              }
            }
          }
        }
      }
    }
  }
}
