{
  "format": "page",
  "id": "projects",
  "label": "projects",
  "repeatable": true,
  "status": true,
  "json": {
    "Main": {
      "uid": {
        "type": "UID",
        "config": {
          "label": "UID"
        }
      },
      "title": {
        "type": "Text",
        "config": {
          "label": "Title",
          "placeholder": ""
        }
      },
      "description": {
        "type": "Text",
        "config": {
          "label": "Description",
          "placeholder": ""
        }
      },
      "kategorie": {
        "type": "Select",
        "config": {
          "label": "Kategorie",
          "placeholder": "",
          "options": ["3D", "Webdesign", "Grafik", "Programmierung"]
        }
      },
      "thumbnail": {
        "type": "Image",
        "config": {
          "label": "Thumbnail",
          "constraint": {},
          "thumbnails": []
        }
      },
      "slices": {
        "type": "Slices",
        "fieldset": "Slice Zone",
        "config": {
          "choices": {
            "video": {
              "type": "SharedSlice"
            },
            "spline": {
              "type": "SharedSlice"
            },
            "widget": {
              "type": "SharedSlice"
            },
            "slider": {
              "type": "SharedSlice"
            },
            "hero": {
              "type": "SharedSlice"
            },
            "tools": {
              "type": "SharedSlice"
            },
            "text_box": {
              "type": "SharedSlice"
            }
          }
        }
      }
    },
    "SEO & Metadata": {
      "meta_title": {
        "config": {
          "label": "Meta Title",
          "placeholder": "A title of the page used for social media and search engines"
        },
        "type": "Text"
      },
      "meta_description": {
        "config": {
          "label": "Meta Description",
          "placeholder": "A brief summary of the page"
        },
        "type": "Text"
      },
      "meta_image": {
        "config": {
          "constraint": {
            "height": 1260,
            "width": 2400
          },
          "label": "Meta Image",
          "thumbnails": []
        },
        "type": "Image"
      }
    }
  }
}
