{
  "id": "text_box",
  "type": "SharedSlice",
  "name": "TextBox",
  "description": "TextBox",
  "variations": [
    {
      "id": "default",
      "name": "Default",
      "docURL": "...",
      "version": "initial",
      "description": "Default",
      "imageUrl": "",
      "primary": {
        "content": {
          "type": "StructuredText",
          "config": {
            "label": "content",
            "placeholder": "",
            "allowTargetBlank": true,
            "multi": "paragraph,preformatted,heading1,heading2,heading3,heading4,heading5,heading6,strong,em,hyperlink,list-item,o-list-item,rtl"
          }
        },
        "link": {
          "type": "Link",
          "config": {
            "label": "link",
            "placeholder": "",
            "allowTargetBlank": true,
            "select": null,
            "allowText": true
          }
        }
      },
      "items": {}
    }
  ]
}